code,name,X,Y,Z,xi,eta,geoidhgt,maxerr_h,minerr_h,azmaxerr,stderr_u,offset_e,offset_n,offset_u
00A1,00A1,-5115419.6427,477885.9143,-3767030.7874,-7.7000000000000002,-5.0999999999999996,36.052623356406556,0.00168,0.00144,94.67999,0.00374,,,
00A2,00A2,-5115412.5927,477885.0925,-3767039.6489,-7.7000000000000002,-5.0999999999999996,36.052203911408171,0.00166,0.00144,97.16631,0.00374,,,
00A3,00A3,-5115416.2296,477876.4499,-3767039.8154,-7.7000000000000002,-5.0999999999999996,36.052482511398473,0.00167,0.00144,97.67265,0.00374,,,
00B1,00B1,-5115419.6425,477885.9144,-3767030.7876,-7.7000000000000002,-5.0999999999999996,36.052623352270153,0.00168,0.00145,94.34644,0.00374,,,
00B2,00B2,-5115412.5927,477885.0924,-3767039.6490,-7.7000000000000002,-5.0999999999999996,36.052203910425995,0.00166,0.00144,96.68887,0.00374,,,
00B3,00B3,-5115416.2296,477876.4498,-3767039.8154,-7.7000000000000002,-5.0999999999999996,36.052482513672103,0.00167,0.00144,97.59902,0.00374,,,
00B4,00B4,-5115427.6252,477874.1817,-3767039.1687,-7.7000000000000002,-5.0999999999999996,36.052830874654475,0.00168,0.00145,98.64012,0.00375,,,
00C1,00C1,-5115427.4307,477882.8628,-3767046.8491,-7.7000000000000002,-5.0999999999999996,36.052399594298187,0.00169,0.00150,85.88165,0.00376,,,
00C3,00C3,-5115422.2813,477882.2269,-3767042.7674,-7.7000000000000002,-5.0999999999999996,36.052411076785695,0.00168,0.00148,89.66596,0.00376,,,
00C5,00C5,-5115422.3113,477878.1471,-3767036.6920,-7.7000000000000002,-5.0999999999999996,36.052686302606133,0.00170,0.00150,87.60515,0.00375,,,
00C6,00C6,-5115426.3161,477881.4416,-3767044.2733,-7.7000000000000002,-5.0999999999999996,36.052481880040801,0.00169,0.00149,89.21517,0.00375,,,
00D1,00D1,-5115428.0302,477877.7981,-3767046.6780,-7.7000000000000002,-5.0999999999999996,36.052533627886525,0.00174,0.00147,107.55594,0.00376,,,
00D3,00D3,-5115422.8186,477877.5157,-3767042.6357,-7.7000000000000002,-5.0999999999999996,36.052534383637663,0.00171,0.00145,103.24582,0.00376,,,
00D5,00D5,-5115421.6725,477882.1083,-3767037.0544,-7.7000000000000002,-5.0999999999999996,36.052570472668599,0.00174,0.00146,104.45446,0.00375,,,
00D6,00D6,-5115426.6562,477879.0100,-3767044.1206,-7.7000000000000002,-5.0999999999999996,36.052549609959463,0.00172,0.00146,104.34687,0.00376,,,
00W1,00W1,-5115323.6932,477842.4541,-3767191.6871,-7.7000000000000002,-5.0999999999999996,36.046432457099748,0.00157,0.00145,94.85781,0.00374,,,
00W3,00W3,-5115323.1990,477842.8990,-3767193.2616,-7.7000000000000002,-5.0999999999999996,36.046363091648821,0.00158,0.00145,92.13993,0.00374,,,
00W4,00W4,-5115322.8911,477842.2650,-3767192.5544,-7.7000000000000002,-5.0999999999999996,36.046391123603762,0.00158,0.00145,90.74619,0.00374,,,
00X3,00X3,-5115323.1990,477842.8988,-3767193.2616,-7.7000000000000002,-5.0999999999999996,36.046363108650901,0.00158,0.00144,93.22630,0.00374,,,
00X4,00X4,-5115322.8912,477842.2648,-3767192.5542,-7.7000000000000002,-5.0999999999999996,36.046391146545375,0.00157,0.00145,92.61678,0.00374,,,
00X5,00X5,-5115324.1235,477844.2030,-3767192.4155,-7.7000000000000002,-5.0999999999999996,36.046381619045135,0.00157,0.00145,94.28479,0.00374,,,
00Y1,00Y1,-5115320.2721,477846.4123,-3767187.3933,-7.7000000000000002,-5.0999999999999996,36.046388777709993,0.00159,0.00145,98.68267,0.00374,,,
00Y3,00Y3,-5115321.4680,477845.2012,-3767189.1785,-7.7000000000000002,-5.0999999999999996,36.046391624113134,0.00158,0.00145,97.07594,0.00374,,,
00Y5,00Y5,-5115323.8774,477843.9878,-3767193.1469,-7.7000000000000002,-5.0999999999999996,36.046358517729352,0.00158,0.00145,95.43161,0.00374,,,
00Z1,00Z1,-5115317.1606,477844.6106,-3767191.8185,-7.7000000000000002,-5.0999999999999996,36.046220641997721,0.00159,0.00146,87.63559,0.00374,,,
00Z3,00Z3,-5115319.5580,477844.0363,-3767191.9024,-7.7000000000000002,-5.0999999999999996,36.04628950952182,0.00158,0.00146,90.20560,0.00374,,,
00Z5,00Z5,-5115323.9380,477842.6035,-3767193.2397,-7.7000000000000002,-5.0999999999999996,36.046388433771682,0.00157,0.00145,92.19048,0.00374,,,
02A1,02A1,-5115420.9102,477883.6548,-3767029.3628,-7.7000000000000002,-5.0999999999999996,36.052748004632569,0.00169,0.00144,95.26435,0.00374,,,
02A2,02A2,-5115413.8701,477886.7402,-3767037.7186,-7.7000000000000002,-5.0999999999999996,36.05225585223041,0.00167,0.00145,96.57316,0.00374,,,
02A3,02A3,-5115415.6421,477877.9362,-3767040.4205,-7.7000000000000002,-5.0999999999999996,36.05241649600049,0.00166,0.00144,97.39050,0.00374,,,
02B1,02B1,-5115420.9101,477883.6551,-3767029.3629,-7.7000000000000002,-5.0999999999999996,36.052747990272451,0.00169,0.00144,94.97474,0.00374,,,
02B2,02B2,-5115413.8699,477886.7401,-3767037.7188,-7.7000000000000002,-5.0999999999999996,36.052255843326456,0.00166,0.00144,96.10927,0.00374,,,
02B3,02B3,-5115415.6421,477877.9361,-3767040.4204,-7.7000000000000002,-5.0999999999999996,36.052416503279126,0.00166,0.00144,97.31517,0.00374,,,
02B4,02B4,-5115426.3205,477873.3516,-3767041.0328,-7.7000000000000002,-5.0999999999999996,36.052761817352845,0.00168,0.00145,98.50253,0.00375,,,
02W1,02W1,-5115323.5337,477842.3660,-3767191.9134,-7.7000000000000002,-5.0999999999999996,36.046423765728861,0.00157,0.00145,93.85908,0.00374,,,
02W3,02W3,-5115323.1471,477843.3187,-3767193.2787,-7.7000000000000002,-5.0999999999999996,36.046351853867556,0.00158,0.00144,93.85128,0.00374,,,
02W4,02W4,-5115322.7125,477842.5884,-3767192.7545,-7.7000000000000002,-5.0999999999999996,36.046373471722632,0.00158,0.00145,92.50228,0.00374,,,
02W6,02W6,-5115323.0940,477842.8178,-3767190.4244,-7.7000000000000002,-5.0999999999999996,36.046447575342533,0.00157,0.00145,94.25120,0.00374,,,
02X3,02X3,-5115323.1471,477843.3182,-3767193.2788,-7.7000000000000002,-5.0999999999999996,36.046351868235519,0.00158,0.00144,94.07247,0.00374,,,
02X4,02X4,-5115322.7127,477842.5879,-3767192.7543,-7.7000000000000002,-5.0999999999999996,36.046373499458213,0.00158,0.00145,92.68840,0.00374,,,
02X5,02X5,-5115324.3186,477844.1257,-3767192.1620,-7.7000000000000002,-5.0999999999999996,36.046395731754323,0.00157,0.00145,93.78344,0.00374,,,
04A2,04A2,-5115415.4545,477887.5002,-3767035.4861,-7.7000000000000002,-5.0999999999999996,36.052344402440212,0.00167,0.00145,96.04712,0.00374,,,
04A3,04A3,-5115415.3764,477879.6180,-3767040.5668,-7.7000000000000002,-5.0999999999999996,36.052367682355793,0.00167,0.00144,97.20929,0.00374,,,
04B1,04B1,-5115421.6788,477880.8839,-3767028.6754,-7.7000000000000002,-5.0999999999999996,36.052849927504852,0.00170,0.00144,95.99042,0.00374,,,
04B2,04B2,-5115415.4545,477887.5003,-3767035.4861,-7.7000000000000002,-5.0999999999999996,36.052344426057644,0.00167,0.00145,95.39554,0.00374,,,
04W1,04W1,-5115323.3603,477842.3775,-3767192.1459,-7.7000000000000002,-5.0999999999999996,36.046412295095195,0.00157,0.00145,93.43420,0.00374,,,
04W3,04W3,-5115323.1832,477843.7279,-3767193.1785,-7.7000000000000002,-5.0999999999999996,36.046346513746343,0.00158,0.00144,94.55631,0.00374,,,
04W4,04W4,-5115322.6054,477842.9830,-3767192.8492,-7.7000000000000002,-5.0999999999999996,36.046359112401881,0.00158,0.00144,93.28777,0.00374,,,
04W6,04W6,-5115323.0189,477842.4781,-3767190.5686,-7.7000000000000002,-5.0999999999999996,36.046449078410447,0.00157,0.00145,94.50567,0.00374,,,
04X3,04X3,-5115323.1831,477843.7274,-3767193.1787,-7.7000000000000002,-5.0999999999999996,36.046346517605656,0.00158,0.00145,95.14158,0.00374,,,
04X4,04X4,-5115322.6055,477842.9825,-3767192.8492,-7.7000000000000002,-5.0999999999999996,36.046359134415276,0.00158,0.00144,93.31863,0.00374,,,
04X5,04X5,-5115324.4927,477843.9440,-3767191.9500,-7.7000000000000002,-5.0999999999999996,36.046410440896452,0.00157,0.00145,93.36350,0.00374,,,
06A2,06A2,-5115417.1547,477887.2812,-3767033.2207,-7.7000000000000002,-5.0999999999999996,36.052458817092528,0.00167,0.00145,94.80140,0.00374,,,
06A3,06A3,-5115415.4645,477881.2923,-3767040.2369,-7.7000000000000002,-5.0999999999999996,36.052341983131697,0.00167,0.00144,97.18895,0.00374,,,
06B1,06B1,-5115421.8558,477877.9361,-3767028.8082,-7.7000000000000002,-5.0999999999999996,36.052916724413684,0.00169,0.00144,97.49698,0.00374,,,
06B2,06B2,-5115417.1547,477887.2812,-3767033.2208,-7.7000000000000002,-5.0999999999999996,36.052458831065238,0.00167,0.00145,94.67254,0.00374,,,
06B3,06B3,-5115415.4645,477881.2923,-3767040.2369,-7.7000000000000002,-5.0999999999999996,36.052341981669741,0.00166,0.00144,96.99481,0.00374,,,
06W1,06W1,-5115323.1937,477842.4873,-3767192.3568,-7.7000000000000002,-5.0999999999999996,36.046399425180155,0.00157,0.00145,93.21818,0.00374,,,
06W3,06W3,-5115323.3027,477844.0777,-3767192.9731,-7.7000000000000002,-5.0999999999999996,36.046347708440884,0.00157,0.00145,94.86992,0.00374,,,
06W4,06W4,-5115322.5824,477843.4017,-3767192.8274,-7.7000000000000002,-5.0999999999999996,36.046349768166188,0.00158,0.00144,94.03945,0.00374,,,
06W6,06W6,-5115322.8756,477842.2135,-3767190.7952,-7.7000000000000002,-5.0999999999999996,36.046444745447864,0.00157,0.00145,94.41749,0.00374,,,
06X3,06X3,-5115323.3025,477844.0773,-3767192.9734,-7.7000000000000002,-5.0999999999999996,36.04634770008434,0.00159,0.00145,99.21255,0.00374,,,
06X4,06X4,-5115322.5824,477843.4012,-3767192.8275,-7.7000000000000002,-5.0999999999999996,36.04634978013415,0.00159,0.00144,95.57965,0.00374,,,
08A2,08A2,-5115418.7655,477886.1100,-3767031.1961,-7.7000000000000002,-5.0999999999999996,36.052585314220259,0.00168,0.00144,94.83983,0.00374,,,
08A3,08A3,-5115415.8957,477882.7570,-3767039.4708,-7.7000000000000002,-5.0999999999999996,36.052342468466179,0.00166,0.00144,96.82734,0.00374,,,
08A4,08A4,-5115422.2722,477875.7172,-3767046.1943,-7.7000000000000002,-5.0999999999999996,36.05245473098406,0.00167,0.00144,97.91561,0.00374,,,
08B1,08B1,-5115421.4202,477875.1667,-3767029.7447,-7.7000000000000002,-5.0999999999999996,36.052940434930719,0.00169,0.00144,98.74714,0.00374,,,
08B2,08B2,-5115418.7657,477886.1098,-3767031.1958,-7.7000000000000002,-5.0999999999999996,36.052585319777492,0.00168,0.00145,94.46762,0.00374,,,
08B3,08B3,-5115415.8958,477882.7571,-3767039.4707,-7.7000000000000002,-5.0999999999999996,36.052342469068769,0.00166,0.00144,96.82209,0.00374,,,
08W1,08W1,-5115323.0541,477842.6820,-3767192.5206,-7.7000000000000002,-5.0999999999999996,36.046386711376044,0.00157,0.00145,93.20770,0.00374,,,
08W3,08W3,-5115323.4913,477844.3258,-3767192.6873,-7.7000000000000002,-5.0999999999999996,36.046355291158484,0.00157,0.00145,94.80931,0.00374,,,
08W4,08W4,-5115322.6464,477843.7936,-3767192.6916,-7.7000000000000002,-5.0999999999999996,36.046346566044868,0.00158,0.00144,94.67080,0.00374,,,
08W6,08W6,-5115322.6815,477842.0562,-3767191.0769,-7.7000000000000002,-5.0999999999999996,36.046435102131568,0.00157,0.00145,94.05514,0.00374,,,
08X1,08X1,-5115323.0548,477842.6806,-3767192.5198,-7.7000000000000002,-5.0999999999999996,36.046386788587554,0.00158,0.00145,92.65669,0.00374,,,
08X3,08X3,-5115323.4901,477844.3247,-3767192.6891,-7.7000000000000002,-5.0999999999999996,36.046355224181212,0.00157,0.00145,96.48360,0.00374,,,
08X4,08X4,-5115322.6458,477843.7916,-3767192.6927,-7.7000000000000002,-5.0999999999999996,36.046346565786031,0.00158,0.00145,96.14976,0.00374,,,
10A2,10A2,-5115420.0947,477884.1249,-3767029.6537,-7.7000000000000002,-5.0999999999999996,36.052708789863402,0.00169,0.00144,94.78127,0.00374,,,
10A3,10A3,-5115416.6190,477883.8372,-3767038.3593,-7.7000000000000002,-5.0999999999999996,36.0523691145886,0.00167,0.00144,96.83811,0.00374,,,
10B1,10B1,-5115420.4233,477872.9074,-3767031.3739,-7.7000000000000002,-5.0999999999999996,36.052918165342831,0.00169,0.00144,99.59009,0.00374,,,
10B2,10B2,-5115420.0946,477884.1250,-3767029.6538,-7.7000000000000002,-5.0999999999999996,36.052708786539029,0.00169,0.00144,94.84754,0.00374,,,
10B3,10B3,-5115416.6190,477883.8371,-3767038.3593,-7.7000000000000002,-5.0999999999999996,36.052369113481184,0.00167,0.00144,96.57101,0.00374,,,
10C1,10C1,-5115426.9342,477883.0003,-3767046.7653,-7.7000000000000002,-5.0999999999999996,36.052386915593928,0.00169,0.00149,87.29854,0.00376,,,
10C3,10C3,-5115422.0480,477882.0922,-3767042.4199,-7.7000000000000002,-5.0999999999999996,36.052418865656378,0.00168,0.00148,89.99304,0.00376,,,
10C4,10C4,-5115422.3667,477879.9638,-3767039.5253,-7.7000000000000002,-5.0999999999999996,36.052561562954835,0.00169,0.00149,89.75403,0.00375,,,
10C5,10C5,-5115422.5642,477877.8924,-3767036.4490,-7.7000000000000002,-5.0999999999999996,36.052705497790278,0.00169,0.00150,88.51953,0.00375,,,
10C6,10C6,-5115426.0172,477881.4865,-3767044.1644,-7.7000000000000002,-5.0999999999999996,36.052476855279096,0.00168,0.00148,89.93602,0.00375,,,
10D1,10D1,-5115427.5919,477877.5376,-3767046.5655,-7.7000000000000002,-5.0999999999999996,36.052532198993575,0.00173,0.00146,106.86446,0.00377,,,
10D4,10D4,-5115422.2974,477880.0114,-3767039.6123,-7.7000000000000002,-5.0999999999999996,36.052556175696857,0.00172,0.00145,103.65048,0.00375,,,
10D5,10D5,-5115421.8370,477882.4562,-3767036.8546,-7.7000000000000002,-5.0999999999999996,36.05257263702233,0.00175,0.00146,105.03958,0.00375,,,
10D6,10D6,-5115426.3803,477878.8972,-3767044.0003,-7.7000000000000002,-5.0999999999999996,36.052549043882912,0.00171,0.00146,103.83799,0.00376,,,
10W1,10W1,-5115322.9583,477842.9380,-3767192.6176,-7.7000000000000002,-5.0999999999999996,36.046375688066128,0.00157,0.00144,93.41098,0.00374,,,
10W4,10W4,-5115322.7896,477844.1117,-3767192.4584,-7.7000000000000002,-5.0999999999999996,36.046349885622348,0.00157,0.00145,95.16863,0.00374,,,
10W5,10W5,-5115324.7064,477843.0372,-3767191.7760,-7.7000000000000002,-5.0999999999999996,36.046441333282871,0.00157,0.00145,94.27472,0.00374,,,
10W6,10W6,-5115322.4600,477842.0248,-3767191.3797,-7.7000000000000002,-5.0999999999999996,36.046421318388127,0.00157,0.00145,93.40920,0.00374,,,
10X1,10X1,-5115322.9583,477842.9381,-3767192.6176,-7.7000000000000002,-5.0999999999999996,36.046375690148025,0.00158,0.00144,93.23950,0.00374,,,
10X3,10X3,-5115323.7263,477844.4424,-3767192.3557,-7.7000000000000002,-5.0999999999999996,36.046368336194327,0.00157,0.00145,95.02242,0.00374,,,
10X4,10X4,-5115322.7897,477844.1118,-3767192.4583,-7.7000000000000002,-5.0999999999999996,36.046349884227197,0.00158,0.00145,96.38952,0.00374,,,
10Y1,10Y1,-5115320.6459,477846.7678,-3767187.3323,-7.7000000000000002,-5.0999999999999996,36.046391704472931,0.00158,0.00145,98.23924,0.00374,,,
10Y3,10Y3,-5115321.7106,477845.4470,-3767189.1229,-7.7000000000000002,-5.0999999999999996,36.04639366268664,0.00158,0.00145,96.84264,0.00374,,,
10Y4,10Y4,-5115323.2128,477843.7805,-3767192.0820,-7.7000000000000002,-5.0999999999999996,36.046378985880381,0.00158,0.00145,95.49588,0.00374,,,
10Y5,10Y5,-5115323.8891,477843.9986,-3767193.1455,-7.7000000000000002,-5.0999999999999996,36.046358605559156,0.00158,0.00145,95.29335,0.00374,,,
10Z1,10Z1,-5115317.1771,477844.9028,-3767192.2477,-7.7000000000000002,-5.0999999999999996,36.046201563920647,0.00158,0.00146,88.68054,0.00374,,,
10Z3,10Z3,-5115319.5517,477844.2381,-3767192.1882,-7.7000000000000002,-5.0999999999999996,36.04627622263196,0.00158,0.00145,90.71150,0.00374,,,
10Z4,10Z4,-5115323.0355,477842.9738,-3767192.4229,-7.7000000000000002,-5.0999999999999996,36.046382610087726,0.00157,0.00145,92.20955,0.00374,,,
10Z5,10Z5,-5115323.9390,477842.6123,-3767193.2530,-7.7000000000000002,-5.0999999999999996,36.046387861206185,0.00157,0.00145,92.34016,0.00374,,,
12A1,12A1,-5115418.9866,477871.4343,-3767033.4970,-7.7000000000000002,-5.0999999999999996,36.052852607823027,0.00168,0.00145,100.25741,0.00374,,,
12A2,12A2,-5115420.9789,477881.5691,-3767028.7833,-7.7000000000000002,-5.0999999999999996,36.052814138349767,0.00169,0.00144,96.16055,0.00374,,,
12A3,12A3,-5115417.5458,477884.4001,-3767037.0385,-7.7000000000000002,-5.0999999999999996,36.052418675168909,0.00167,0.00144,96.27221,0.00374,,,
12A4,12A4,-5115421.0253,477880.1862,-3767047.3127,-7.7000000000000002,-5.0999999999999996,36.052289958791555,0.00167,0.00144,97.54250,0.00374,,,
12B2,12B2,-5115420.9790,477881.5690,-3767028.7832,-7.7000000000000002,-5.0999999999999996,36.052814158405468,0.00170,0.00144,95.28799,0.00374,,,
12B3,12B3,-5115417.5458,477884.4001,-3767037.0384,-7.7000000000000002,-5.0999999999999996,36.052418688105377,0.00167,0.00144,96.32339,0.00374,,,
12W1,12W1,-5115322.9177,477843.2249,-3767192.6361,-7.7000000000000002,-5.0999999999999996,36.046367669927491,0.00157,0.00144,93.84938,0.00374,,,
12W4,12W4,-5115322.9948,477844.3178,-3767192.1556,-7.7000000000000002,-5.0999999999999996,36.046359336159604,0.00157,0.00145,94.91260,0.00374,,,
12W5,12W5,-5115324.6460,477842.7365,-3767191.8955,-7.7000000000000002,-5.0999999999999996,36.04644305388954,0.00157,0.00145,94.59350,0.00374,,,
12W6,12W6,-5115322.2376,477842.1234,-3767191.6673,-7.7000000000000002,-5.0999999999999996,36.046405033518759,0.00157,0.00145,92.75938,0.00374,,,
12X1,12X1,-5115322.9177,477843.2248,-3767192.6361,-7.7000000000000002,-5.0999999999999996,36.046367673295599,0.00157,0.00144,93.94640,0.00374,,,
12X3,12X3,-5115323.9791,477844.4135,-3767192.0182,-7.7000000000000002,-5.0999999999999996,36.046385292689088,0.00157,0.00145,93.89378,0.00374,,,
12X4,12X4,-5115322.9947,477844.3178,-3767192.1557,-7.7000000000000002,-5.0999999999999996,36.046359329484332,0.00157,0.00145,94.96366,0.00374,,,
12X6,12X6,-5115322.2377,477842.1233,-3767191.6672,-7.7000000000000002,-5.0999999999999996,36.046405042766054,0.00157,0.00145,93.05047,0.00374,,,
14A1,14A1,-5115417.2826,477870.9235,-3767035.8594,-7.7000000000000002,-5.0999999999999996,36.052751631052409,0.00167,0.00145,100.04245,0.00374,,,
14A3,14A3,-5115418.5651,477884.3789,-3767035.6665,-7.7000000000000002,-5.0999999999999996,36.052485209444491,0.00167,0.00144,95.88626,0.00374,,,
14A4,14A4,-5115421.1298,477882.5662,-3767046.8718,-7.7000000000000002,-5.0999999999999996,36.052252061550647,0.00167,0.00144,97.75460,0.00374,,,
14B2,14B2,-5115421.3131,477878.7483,-3767028.6881,-7.7000000000000002,-5.0999999999999996,36.052888774381977,0.00169,0.00144,97.12617,0.00374,,,
14B3,14B3,-5115418.5652,477884.3789,-3767035.6664,-7.7000000000000002,-5.0999999999999996,36.052485219765607,0.00167,0.00144,95.92067,0.00374,,,
14B4,14B4,-5115421.1298,477882.5663,-3767046.8717,-7.7000000000000002,-5.0999999999999996,36.052252058735945,0.00166,0.00144,97.05287,0.00374,,,
14W1,14W1,-5115322.9374,477843.5079,-3767192.5739,-7.7000000000000002,-5.0999999999999996,36.046363634827017,0.00158,0.00144,94.55546,0.00374,,,
14W5,14W5,-5115324.5250,477842.4989,-3767192.0886,-7.7000000000000002,-5.0999999999999996,36.046439657122413,0.00157,0.00145,95.07389,0.00374,,,
14W6,14W6,-5115322.0412,477842.3401,-3767191.9050,-7.7000000000000002,-5.0999999999999996,36.046388207753679,0.00158,0.00145,91.75285,0.00374,,,
14X1,14X1,-5115322.9374,477843.5078,-3767192.5739,-7.7000000000000002,-5.0999999999999996,36.046363637330224,0.00157,0.00144,94.29176,0.00374,,,
14X3,14X3,-5115324.2197,477844.2423,-3767191.7152,-7.7000000000000002,-5.0999999999999996,36.04640411690005,0.00157,0.00145,93.53156,0.00374,,,
14X4,14X4,-5115323.2373,477844.3868,-3767191.8198,-7.7000000000000002,-5.0999999999999996,36.046373771731659,0.00157,0.00145,94.34381,0.00374,,,
14X6,14X6,-5115322.0412,477842.3400,-3767191.9049,-7.7000000000000002,-5.0999999999999996,36.046388230134063,0.00157,0.00145,92.95577,0.00374,,,
16A1,16A1,-5115415.5165,477871.4375,-3767038.1765,-7.7000000000000002,-5.0999999999999996,36.052627394167757,0.00167,0.00145,98.90956,0.00374,,,
16A3,16A3,-5115419.5542,477883.7756,-3767034.4087,-7.7000000000000002,-5.0999999999999996,36.052560698568527,0.00167,0.00144,95.80290,0.00374,,,
16A4,16A4,-5115421.7232,477884.6612,-3767045.8075,-7.7000000000000002,-5.0999999999999996,36.052251233923734,0.00167,0.00144,97.39020,0.00374,,,
16B2,16B2,-5115421.0563,477876.0035,-3767029.3804,-7.7000000000000002,-5.0999999999999996,36.052923628760972,0.00169,0.00144,98.29660,0.00374,,,
16B3,16B3,-5115419.5540,477883.7757,-3767034.4088,-7.7000000000000002,-5.0999999999999996,36.052560686876653,0.00167,0.00144,95.83539,0.00374,,,
16B4,16B4,-5115421.7231,477884.6610,-3767045.8077,-7.7000000000000002,-5.0999999999999996,36.052251231169322,0.00166,0.00144,96.75598,0.00374,,,
16W1,16W1,-5115323.0150,477843.7528,-3767192.4384,-7.7000000000000002,-5.0999999999999996,36.04636407809042,0.00157,0.00145,94.91955,0.00374,,,
16W5,16W5,-5115324.3581,477842.3532,-3767192.3322,-7.7000000000000002,-5.0999999999999996,36.046431559098409,0.00157,0.00145,94.44476,0.00374,,,
16W6,16W6,-5115321.8946,477842.6487,-3767192.0638,-7.7000000000000002,-5.0999999999999996,36.046372904804727,0.00158,0.00145,92.27681,0.00374,,,
16X1,16X1,-5115323.0149,477843.7526,-3767192.4385,-7.7000000000000002,-5.0999999999999996,36.04636407350899,0.00157,0.00144,94.40887,0.00374,,,
16X3,16X3,-5115324.4187,477843.9497,-3767191.4837,-7.7000000000000002,-5.0999999999999996,36.046422519736574,0.00157,0.00145,93.62726,0.00374,,,
16X4,16X4,-5115323.4876,477844.3105,-3767191.4917,-7.7000000000000002,-5.0999999999999996,36.046391455122617,0.00157,0.00145,93.84238,0.00374,,,
16X5,16X5,-5115324.3583,477842.3533,-3767192.3319,-7.7000000000000002,-5.0999999999999996,36.046431576319243,0.00157,0.00145,94.08647,0.00374,,,
16X6,16X6,-5115321.8947,477842.6484,-3767192.0637,-7.7000000000000002,-5.0999999999999996,36.046372928375824,0.00157,0.00145,93.27101,0.00374,,,
18A1,18A1,-5115413.9028,477872.9136,-3767040.1667,-7.7000000000000002,-5.0999999999999996,36.05249501322001,0.00166,0.00144,98.12596,0.00374,,,
18A3,18A3,-5115420.3927,477882.6636,-3767033.4179,-7.7000000000000002,-5.0999999999999996,36.052635960408011,0.00168,0.00144,96.04887,0.00374,,,
18A4,18A4,-5115422.7333,477886.2169,-3767044.2492,-7.7000000000000002,-5.0999999999999996,36.052287557061639,0.00167,0.00144,96.69228,0.00374,,,
18B2,18B2,-5115420.2397,477873.6667,-3767030.7761,-7.7000000000000002,-5.0999999999999996,36.052914512394565,0.00169,0.00145,99.73325,0.00374,,,
18B3,18B3,-5115420.3927,477882.6637,-3767033.4180,-7.7000000000000002,-5.0999999999999996,36.052635963354469,0.00168,0.00144,95.73133,0.00374,,,
18W1,18W1,-5115323.1410,477843.9299,-3767192.2460,-7.7000000000000002,-5.0999999999999996,36.046368936363045,0.00157,0.00145,94.81458,0.00374,,,
18W5,18W5,-5115324.1655,477842.3169,-3767192.5965,-7.7000000000000002,-5.0999999999999996,36.046419743843458,0.00157,0.00145,93.47898,0.00374,,,
18W6,18W6,-5115321.8154,477843.0119,-3767192.1248,-7.7000000000000002,-5.0999999999999996,36.046360960797706,0.00158,0.00144,93.31677,0.00374,,,
18X1,18X1,-5115323.1409,477843.9298,-3767192.2462,-7.7000000000000002,-5.0999999999999996,36.046368924762412,0.00157,0.00145,94.73247,0.00374,,,
18X4,18X4,-5115323.7159,477844.0979,-3767191.2106,-7.7000000000000002,-5.0999999999999996,36.046410248530563,0.00157,0.00145,92.89471,0.00374,,,
18X6,18X6,-5115321.8155,477843.0116,-3767192.1248,-7.7000000000000002,-5.0999999999999996,36.0463609771694,0.00158,0.00144,93.65547,0.00374,,,
20A1,20A1,-5115412.6356,477875.1730,-3767041.5908,-7.7000000000000002,-5.0999999999999996,36.052370364096461,0.00166,0.00144,97.49294,0.00374,,,
20A4,20A4,-5115424.0380,477887.0465,-3767042.3852,-7.7000000000000002,-5.0999999999999996,36.052356645326384,0.00167,0.00144,96.06778,0.00374,,,
20B3,20B3,-5115420.9800,477881.1775,-3767032.8132,-7.7000000000000002,-5.0999999999999996,36.052701966598029,0.00169,0.00144,95.81632,0.00374,,,
20B4,20B4,-5115424.0378,477887.0464,-3767042.3855,-7.7000000000000002,-5.0999999999999996,36.052356635918329,0.00167,0.00146,96.18575,0.00374,,,
20C1,20C1,-5115425.7021,477883.2549,-3767046.4236,-7.7000000000000002,-5.0999999999999996,36.052361413878778,0.00168,0.00148,89.90253,0.00376,,,
20C3,20C3,-5115421.5758,477881.6890,-3767041.5142,-7.7000000000000002,-5.0999999999999996,36.052443633998351,0.00168,0.00148,90.46309,0.00376,,,
20C4,20C4,-5115422.4823,477879.4651,-3767038.8230,-7.7000000000000002,-5.0999999999999996,36.052596697420469,0.00169,0.00148,90.52861,0.00375,,,
20C5,20C5,-5115423.2903,477877.2779,-3767035.9321,-7.7000000000000002,-5.0999999999999996,36.052752543894371,0.00169,0.00149,90.18343,0.00375,,,
20C6,20C6,-5115425.2957,477881.5406,-3767043.8173,-7.7000000000000002,-5.0999999999999996,36.052468475171246,0.00168,0.00148,91.29229,0.00375,,,
20D1,20D1,-5115426.4775,477876.9922,-3767046.1665,-7.7000000000000002,-5.0999999999999996,36.052529325865656,0.00171,0.00146,104.48603,0.00377,,,
20D3,20D3,-5115421.9634,477877.9994,-3767041.4559,-7.7000000000000002,-5.0999999999999996,36.052538056637943,0.00171,0.00145,103.13874,0.00376,,,
20D4,20D4,-5115422.2513,477880.6154,-3767038.9894,-7.7000000000000002,-5.0999999999999996,36.052560137459508,0.00172,0.00145,103.02641,0.00375,,,
20D6,20D6,-5115425.6976,477878.6884,-3767043.6344,-7.7000000000000002,-5.0999999999999996,36.052548100419905,0.00170,0.00145,102.70615,0.00376,,,
20W1,20W1,-5115323.3004,477844.0180,-3767192.0198,-7.7000000000000002,-5.0999999999999996,36.046377625947208,0.00157,0.00145,94.28434,0.00374,,,
20W5,20W5,-5115323.9704,477842.3944,-3767192.8500,-7.7000000000000002,-5.0999999999999996,36.046405628039565,0.00157,0.00145,92.60885,0.00374,,,
20W6,20W6,-5115321.8133,477843.3860,-3767192.0805,-7.7000000000000002,-5.0999999999999996,36.046353804949732,0.00158,0.00144,94.50004,0.00374,,,
20X1,20X1,-5115323.3002,477844.0179,-3767192.0202,-7.7000000000000002,-5.0999999999999996,36.046377605116717,0.00157,0.00145,94.31256,0.00374,,,
20X4,20X4,-5115323.8943,477843.7749,-3767191.0106,-7.7000000000000002,-5.0999999999999996,36.046427888872302,0.00157,0.00145,93.36333,0.00374,,,
20X5,20X5,-5115323.9707,477842.3942,-3767192.8497,-7.7000000000000002,-5.0999999999999996,36.046405657829588,0.00157,0.00145,93.21665,0.00374,,,
20X6,20X6,-5115321.8133,477843.3855,-3767192.0806,-7.7000000000000002,-5.0999999999999996,36.046353813907494,0.00158,0.00144,94.37771,0.00374,,,
20Y1,20Y1,-5115321.6500,477847.5913,-3767187.3069,-7.7000000000000002,-5.0999999999999996,36.046398364998169,0.00158,0.00144,97.25632,0.00374,,,
20Y3,20Y3,-5115322.3682,477846.0217,-3767189.0689,-7.7000000000000002,-5.0999999999999996,36.046398347873982,0.00158,0.00144,96.29291,0.00374,,,
20Y4,20Y4,-5115323.3515,477843.9670,-3767192.0017,-7.7000000000000002,-5.0999999999999996,36.046380571592799,0.00157,0.00145,95.22396,0.00374,,,
20Y5,20Y5,-5115323.9205,477844.0232,-3767193.1459,-7.7000000000000002,-5.0999999999999996,36.046358804005465,0.00157,0.00144,94.98577,0.00374,,,
20Z1,20Z1,-5115317.3673,477845.5814,-3767193.3368,-7.7000000000000002,-5.0999999999999996,36.046158176398258,0.00158,0.00145,90.72447,0.00374,,,
20Z3,20Z3,-5115319.6368,477844.7109,-3767192.9181,-7.7000000000000002,-5.0999999999999996,36.046245707201152,0.00158,0.00145,91.77848,0.00374,,,
20Z4,20Z4,-5115322.9807,477843.1260,-3767192.6079,-7.7000000000000002,-5.0999999999999996,36.046372289777544,0.00157,0.00145,92.57402,0.00374,,,
20Z5,20Z5,-5115323.9462,477842.6327,-3767193.2866,-7.7000000000000002,-5.0999999999999996,36.046386568361619,0.00157,0.00145,92.67001,0.00374,,,
22A1,22A1,-5115411.8674,477877.9433,-3767042.2778,-7.7000000000000002,-5.0999999999999996,36.052268547995808,0.00166,0.00144,97.37823,0.00374,,,
22A4,22A4,-5115425.4800,477887.0506,-3767040.4399,-7.7000000000000002,-5.0999999999999996,36.052450099186203,0.00167,0.00144,95.43003,0.00374,,,
22B3,22B3,-5115421.2456,477879.4959,-3767032.6670,-7.7000000000000002,-5.0999999999999996,36.052750760659627,0.00169,0.00144,96.83409,0.00374,,,
22B4,22B4,-5115425.4800,477887.0506,-3767040.4400,-7.7000000000000002,-5.0999999999999996,36.052450144644908,0.00167,0.00146,94.31531,0.00374,,,
22W3,22W3,-5115324.5681,477842.7422,-3767191.4343,-7.7000000000000002,-5.0999999999999996,36.04645487396612,0.00158,0.00145,94.89565,0.00374,,,
22W5,22W5,-5115323.7965,477842.5760,-3767193.0618,-7.7000000000000002,-5.0999999999999996,36.046390937299279,0.00157,0.00145,92.81705,0.00374,,,
22W6,22W6,-5115321.8883,477843.7255,-3767191.9365,-7.7000000000000002,-5.0999999999999996,36.046352302445939,0.00158,0.00145,94.94771,0.00374,,,
22X1,22X1,-5115323.4736,477844.0065,-3767191.7876,-7.7000000000000002,-5.0999999999999996,36.046389068036177,0.00157,0.00145,93.83137,0.00374,,,
22X5,22X5,-5115323.7965,477842.5760,-3767193.0617,-7.7000000000000002,-5.0999999999999996,36.046390951970459,0.00157,0.00145,92.48987,0.00374,,,
22X6,22X6,-5115321.8883,477843.7254,-3767191.9366,-7.7000000000000002,-5.0999999999999996,36.046352300984637,0.00158,0.00145,95.61445,0.00374,,,
24A1,24A1,-5115411.6905,477880.8918,-3767042.1448,-7.7000000000000002,-5.0999999999999996,36.052201705211182,0.00167,0.00144,97.63425,0.00374,,,
24A4,24A4,-5115426.8862,477886.2284,-3767038.6471,-7.7000000000000002,-5.0999999999999996,36.052556792260525,0.00168,0.00144,94.96384,0.00374,,,
24B1,24B1,-5115411.6905,477880.8919,-3767042.1447,-7.7000000000000002,-5.0999999999999996,36.052201706258202,0.00166,0.00144,96.98899,0.00374,,,
24B3,24B3,-5115421.1573,477877.8212,-3767032.9971,-7.7000000000000002,-5.0999999999999996,36.052776454004473,0.00168,0.00144,97.71573,0.00374,,,
24B4,24B4,-5115426.8863,477886.2283,-3767038.6471,-7.7000000000000002,-5.0999999999999996,36.052556789789655,0.00168,0.00145,94.84318,0.00374,,,
24W3,24W3,-5115324.4486,477842.3921,-3767191.6398,-7.7000000000000002,-5.0999999999999996,36.046453682701987,0.00157,0.00145,95.15616,0.00374,,,
24W5,24W5,-5115323.6643,477842.8405,-3767193.2068,-7.7000000000000002,-5.0999999999999996,36.046377396182017,0.00157,0.00145,93.03377,0.00374,,,
24W6,24W6,-5115322.0316,477843.9902,-3767191.7098,-7.7000000000000002,-5.0999999999999996,36.046356634398968,0.00157,0.00145,95.04051,0.00374,,,
24X1,24X1,-5115323.6404,477843.8967,-3767191.5764,-7.7000000000000002,-5.0999999999999996,36.046401960783037,0.00157,0.00145,93.39380,0.00374,,,
24X5,24X5,-5115323.6642,477842.8406,-3767193.2068,-7.7000000000000002,-5.0999999999999996,36.046377393345409,0.00158,0.00145,92.81922,0.00374,,,
24X6,24X6,-5115322.0317,477843.9903,-3767191.7097,-7.7000000000000002,-5.0999999999999996,36.046356636033629,0.00158,0.00145,95.78525,0.00374,,,
26A1,26A1,-5115412.2086,477883.9354,-3767041.0623,-7.7000000000000002,-5.0999999999999996,36.052178195912575,0.00166,0.00144,97.27873,0.00374,,,
26A2,26A2,-5115413.9062,477872.8299,-3767039.4230,-7.7000000000000002,-5.0999999999999996,36.052519313571288,0.00167,0.00144,98.42555,0.00374,,,
26A4,26A4,-5115428.1971,477884.4757,-3767037.1001,-7.7000000000000002,-5.0999999999999996,36.052674736778513,0.00168,0.00144,95.53911,0.00374,,,
26B1,26B1,-5115412.1261,477883.6604,-3767041.2083,-7.7000000000000002,-5.0999999999999996,36.052178005026626,0.00166,0.00144,96.96081,0.00374,,,
26B3,26B3,-5115420.7260,477876.3569,-3767033.7632,-7.7000000000000002,-5.0999999999999996,36.052775959896778,0.00168,0.00144,98.19816,0.00374,,,
26B4,26B4,-5115428.0859,477884.6801,-3767037.2244,-7.7000000000000002,-5.0999999999999996,36.052663704745491,0.00168,0.00144,95.20996,0.00374,,,
26W3,26W3,-5115324.2599,477842.1439,-3767191.9256,-7.7000000000000002,-5.0999999999999996,36.046446102080395,0.00157,0.00145,94.60830,0.00374,,,
26W4,26W4,-5115323.9606,477842.5691,-3767191.0732,-7.7000000000000002,-5.0999999999999996,36.046454820636853,0.00157,0.00145,94.80977,0.00374,,,
26W5,26W5,-5115323.5901,477843.1554,-3767193.2672,-7.7000000000000002,-5.0999999999999996,36.046366676188441,0.00158,0.00144,93.53718,0.00374,,,
26X1,26X1,-5115323.7800,477843.7021,-3767191.4127,-7.7000000000000002,-5.0999999999999996,36.046414671909965,0.00157,0.00145,93.38532,0.00374,,,
26X5,26X5,-5115323.5901,477843.1553,-3767193.2672,-7.7000000000000002,-5.0999999999999996,36.046366676092731,0.00158,0.00144,93.57687,0.00374,,,
26X6,26X6,-5115322.2258,477844.1477,-3767191.4281,-7.7000000000000002,-5.0999999999999996,36.046366276136638,0.00157,0.00145,95.22124,0.00374,,,
28A1,28A1,-5115413.1233,477885.9199,-3767039.5788,-7.7000000000000002,-5.0999999999999996,36.052200284081678,0.00166,0.00144,96.97860,0.00374,,,
28A2,28A2,-5115412.7381,477874.6357,-3767040.7707,-7.7000000000000002,-5.0999999999999996,36.052409631219241,0.00166,0.00144,97.84230,0.00374,,,
28A3,28A3,-5115420.0027,477875.2769,-3767034.8748,-7.7000000000000002,-5.0999999999999996,36.052749311524721,0.00168,0.00144,98.57725,0.00374,,,
28A4,28A4,-5115428.9362,477882.5889,-3767036.3412,-7.7000000000000002,-5.0999999999999996,36.052758099331086,0.00169,0.00144,96.16598,0.00374,,,
28B1,28B1,-5115413.1232,477885.9198,-3767039.5789,-7.7000000000000002,-5.0999999999999996,36.052200284149194,0.00166,0.00144,96.73370,0.00374,,,
28B4,28B4,-5115428.9361,477882.5891,-3767036.3413,-7.7000000000000002,-5.0999999999999996,36.052758099457698,0.00169,0.00144,95.76142,0.00374,,,
28W3,28W3,-5115324.0250,477842.0273,-3767192.2572,-7.7000000000000002,-5.0999999999999996,36.046433042210069,0.00157,0.00145,93.81901,0.00374,,,
28W4,28W4,-5115323.8174,477842.2510,-3767191.3064,-7.7000000000000002,-5.0999999999999996,36.046451497640845,0.00157,0.00145,94.95857,0.00374,,,
28W5,28W5,-5115323.5828,477843.4828,-3767193.2357,-7.7000000000000002,-5.0999999999999996,36.046360055584714,0.00158,0.00144,94.13017,0.00374,,,
28X1,28X1,-5115323.8760,477843.4457,-3767191.3156,-7.7000000000000002,-5.0999999999999996,36.046425709908846,0.00157,0.00144,93.77656,0.00374,,,
28X5,28X5,-5115323.5828,477843.4830,-3767193.2357,-7.7000000000000002,-5.0999999999999996,36.04636005311292,0.00158,0.00144,94.44515,0.00374,,,
28X6,28X6,-5115322.4475,477844.1790,-3767191.1249,-7.7000000000000002,-5.0999999999999996,36.046380080723488,0.00157,0.00145,94.21490,0.00374,,,
30A1,30A1,-5115414.5599,477887.3927,-3767037.4557,-7.7000000000000002,-5.0999999999999996,36.052265843180706,0.00167,0.00145,96.36394,0.00374,,,
30A2,30A2,-5115411.8539,477877.1916,-3767041.6410,-7.7000000000000002,-5.0999999999999996,36.052304291786285,0.00166,0.00144,97.46268,0.00374,,,
30A4,30A4,-5115429.3325,477880.2111,-3767036.1064,-7.7000000000000002,-5.0999999999999996,36.052828449338698,0.00169,0.00144,97.08408,0.00374,,,
30B1,30B1,-5115414.5600,477887.3927,-3767037.4556,-7.7000000000000002,-5.0999999999999996,36.052265864359384,0.00167,0.00145,96.00397,0.00374,,,
30B4,30B4,-5115429.3325,477880.2110,-3767036.1064,-7.7000000000000002,-5.0999999999999996,36.052828463104923,0.00169,0.00144,96.68567,0.00374,,,
30C3,30C3,-5115421.2726,477881.2005,-3767040.5777,-7.7000000000000002,-5.0999999999999996,36.05247541197275,0.00170,0.00150,86.07875,0.00376,,,
30C4,30C4,-5115422.7388,477878.9463,-3767038.1738,-7.7000000000000002,-5.0999999999999996,36.052634173103385,0.00170,0.00150,85.79040,0.00375,,,
30C6,30C6,-5115424.6282,477881.5104,-3767043.3720,-7.7000000000000002,-5.0999999999999996,36.052466252484152,0.00168,0.00147,92.05380,0.00376,,,
30D1,30D1,-5115425.3621,477876.6099,-3767045.6086,-7.7000000000000002,-5.0999999999999996,36.052527515224533,0.00169,0.00145,102.93409,0.00377,,,
30D3,30D3,-5115421.5142,477878.5068,-3767040.5911,-7.7000000000000002,-5.0999999999999996,36.052541637474029,0.00171,0.00145,103.21452,0.00376,,,
30D4,30D4,-5115422.3355,477881.2712,-3767038.4246,-7.7000000000000002,-5.0999999999999996,36.052564359312363,0.00172,0.00145,102.61889,0.00375,,,
30D5,30D5,-5115422.9837,477884.1498,-3767036.1691,-7.7000000000000002,-5.0999999999999996,36.052582970224059,0.00172,0.00145,102.33071,0.00375,,,
30D6,30D6,-5115425.0403,477878.5886,-3767043.1842,-7.7000000000000002,-5.0999999999999996,36.052547851102894,0.00170,0.00145,102.06652,0.00375,,,
30W3,30W3,-5115323.7719,477842.0563,-3767192.5950,-7.7000000000000002,-5.0999999999999996,36.046416080488662,0.00157,0.00145,92.71940,0.00374,,,
30W4,30W4,-5115323.6121,477842.0448,-3767191.6094,-7.7000000000000002,-5.0999999999999996,36.046442046164771,0.00157,0.00145,94.62652,0.00374,,,
30W5,30W5,-5115323.6433,477843.7835,-3767193.1162,-7.7000000000000002,-5.0999999999999996,36.046358337500806,0.00158,0.00144,94.73900,0.00374,,,
30X1,30X1,-5115323.9165,477843.1589,-3767191.2971,-7.7000000000000002,-5.0999999999999996,36.046433721186801,0.00157,0.00144,94.37967,0.00374,,,
30X5,30X5,-5115323.6433,477843.7836,-3767193.1162,-7.7000000000000002,-5.0999999999999996,36.046358337732734,0.00158,0.00145,95.13109,0.00374,,,
30X6,30X6,-5115322.6698,477844.0804,-3767190.8374,-7.7000000000000002,-5.0999999999999996,36.046396359260008,0.00157,0.00145,93.29227,0.00374,,,
30Y1,30Y1,-5115322.7258,477848.2999,-3767187.4631,-7.7000000000000002,-5.0999999999999996,36.046403910569055,0.00158,0.00144,96.51618,0.00374,,,
30Y3,30Y3,-5115323.0804,477846.5237,-3767189.1376,-7.7000000000000002,-5.0999999999999996,36.046402320612131,0.00157,0.00144,95.88436,0.00374,,,
30Y4,30Y4,-5115323.5161,477844.1431,-3767191.9541,-7.7000000000000002,-5.0999999999999996,36.04638203962196,0.00157,0.00144,95.02711,0.00374,,,
30Y5,30Y5,-5115323.9540,477844.0442,-3767193.1518,-7.7000000000000002,-5.0999999999999996,36.046358966995228,0.00157,0.00144,94.76133,0.00374,,,
30Z1,30Z1,-5115317.7645,477846.1694,-3767194.4217,-7.7000000000000002,-5.0999999999999996,36.046122011986412,0.00158,0.00145,92.13184,0.00375,,,
30Z3,30Z3,-5115319.8631,477845.1266,-3767193.6520,-7.7000000000000002,-5.0999999999999996,36.046219805676259,0.00158,0.00145,92.54483,0.00374,,,
30Z4,30Z4,-5115322.9660,477843.2702,-3767192.8059,-7.7000000000000002,-5.0999999999999996,36.046362728535634,0.00157,0.00145,92.84839,0.00374,,,
30Z5,30Z5,-5115323.9597,477842.6501,-3767193.3198,-7.7000000000000002,-5.0999999999999996,36.046385505268852,0.00157,0.00145,92.90858,0.00374,,,
32A1,32A1,-5115416.2636,477887.9032,-3767035.0937,-7.7000000000000002,-5.0999999999999996,36.052366817033622,0.00167,0.00145,95.45530,0.00374,,,
32A2,32A2,-5115411.5199,477880.0116,-3767041.7361,-7.7000000000000002,-5.0999999999999996,36.052229671566991,0.00167,0.00144,97.52557,0.00374,,,
32B1,32B1,-5115416.2634,477887.9032,-3767035.0940,-7.7000000000000002,-5.0999999999999996,36.052366802134799,0.00167,0.00145,94.98759,0.00374,,,
32B4,32B4,-5115429.2280,477877.8319,-3767036.5472,-7.7000000000000002,-5.0999999999999996,36.052866338339157,0.00169,0.00144,97.78192,0.00374,,,
32W3,32W3,-5115323.5314,477842.2275,-3767192.8978,-7.7000000000000002,-5.0999999999999996,36.04639726756367,0.00158,0.00146,88.94797,0.00374,,,
32W4,32W4,-5115323.3697,477841.9759,-3767191.9451,-7.7000000000000002,-5.0999999999999996,36.046427610434904,0.00157,0.00147,93.21921,0.00374,,,
32X3,32X3,-5115323.5313,477842.2276,-3767192.8979,-7.7000000000000002,-5.0999999999999996,36.046397258188314,0.00157,0.00145,92.46467,0.00374,,,
32X5,32X5,-5115323.7643,477844.0211,-3767192.9230,-7.7000000000000002,-5.0999999999999996,36.046361730457562,0.00157,0.00145,94.90881,0.00374,,,
32X6,32X6,-5115322.8662,477843.8637,-3767190.5998,-7.7000000000000002,-5.0999999999999996,36.046413164635283,0.00157,0.00145,93.43514,0.00374,,,
34A1,34A1,-5115418.2180,477887.2721,-3767032.5376,-7.7000000000000002,-5.0999999999999996,36.052505465947945,0.00168,0.00145,94.70474,0.00374,,,
34A2,34A2,-5115411.8402,477883.0389,-3767040.9225,-7.7000000000000002,-5.0999999999999996,36.052193638509834,0.00166,0.00144,97.43184,0.00374,,,
34A3,34A3,-5115416.9664,477875.4377,-3767038.9493,-7.7000000000000002,-5.0999999999999996,36.052549294097865,0.00167,0.00144,97.99367,0.00374,,,
34B1,34B1,-5115418.0281,477887.3903,-3767032.7788,-7.7000000000000002,-5.0999999999999996,36.052490902568557,0.00168,0.00146,93.48927,0.00374,,,
34B4,34B4,-5115428.6354,477875.7384,-3767037.6103,-7.7000000000000002,-5.0999999999999996,36.052867187001155,0.00169,0.00145,99.05425,0.00375,,,
34W1,34W1,-5115323.8192,477842.6312,-3767191.4948,-7.7000000000000002,-5.0999999999999996,36.046437312474509,0.00157,0.00145,95.12453,0.00374,,,
34W3,34W3,-5115323.3324,477842.5202,-3767193.1294,-7.7000000000000002,-5.0999999999999996,36.046378861697804,0.00158,0.00145,90.84297,0.00374,,,
34W4,34W4,-5115323.1192,477842.0524,-3767192.2734,-7.7000000000000002,-5.0999999999999996,36.046409922744608,0.00157,0.00146,91.46229,0.00374,,,
34X3,34X3,-5115323.3325,477842.5200,-3767193.1293,-7.7000000000000002,-5.0999999999999996,36.046378882159253,0.00158,0.00145,92.67321,0.00374,,,
34X4,34X4,-5115323.1194,477842.0523,-3767192.2732,-7.7000000000000002,-5.0999999999999996,36.046409944587189,0.00157,0.00145,93.01445,0.00374,,,
34X5,34X5,-5115323.9309,477844.1667,-3767192.6798,-7.7000000000000002,-5.0999999999999996,36.046369807649832,0.00157,0.00145,94.71562,0.00374,,,
40C1,40C1,-5115423.4023,477883.3618,-3767045.2158,-7.7000000000000002,-5.0999999999999996,36.052339206903454,0.00167,0.00146,92.33448,0.00376,,,
40C4,40C4,-5115423.1285,477878.4235,-3767037.5976,-7.7000000000000002,-5.0999999999999996,36.052672735494895,0.00169,0.00148,91.46671,0.00375,,,
40C5,40C5,-5115425.0664,477876.2061,-3767035.3346,-7.7000000000000002,-5.0999999999999996,36.052837952582195,0.00169,0.00149,92.67125,0.00375,,,
40C6,40C6,-5115424.0351,477881.3967,-3767042.8421,-7.7000000000000002,-5.0999999999999996,36.052470272139693,0.00168,0.00147,92.28789,0.00375,,,
40D1,40D1,-5115424.2798,477876.4028,-3767044.9087,-7.7000000000000002,-5.0999999999999996,36.052526826461069,0.00169,0.00145,102.16924,0.00377,,,
40D4,40D4,-5115422.5477,477881.9590,-3767037.9354,-7.7000000000000002,-5.0999999999999996,36.052568712613251,0.00172,0.00145,102.66915,0.00375,,,
40D5,40D5,-5115423.7297,477884.9254,-3767036.0388,-7.7000000000000002,-5.0999999999999996,36.052587570169422,0.00172,0.00145,101.74788,0.00375,,,
40D6,40D6,-5115424.4286,477878.6011,-3767042.6632,-7.7000000000000002,-5.0999999999999996,36.052548306078826,0.00170,0.00145,101.88580,0.00376,,,
40Y1,40Y1,-5115323.8397,477848.8719,-3767187.7954,-7.7000000000000002,-5.0999999999999996,36.046408174081755,0.00157,0.00144,96.04682,0.00374,,,
40Y3,40Y3,-5115323.8250,477846.9379,-3767189.3262,-7.7000000000000002,-5.0999999999999996,36.046405460853663,0.00157,0.00144,95.63532,0.00374,,,
40Y4,40Y4,-5115323.7013,477844.3034,-3767191.9405,-7.7000000000000002,-5.0999999999999996,36.046383345037889,0.00157,0.00144,94.92292,0.00374,,,
40Y5,40Y5,-5115323.9884,477844.0609,-3767193.1631,-7.7000000000000002,-5.0999999999999996,36.0463590896276,0.00157,0.00144,94.63832,0.00374,,,
40Z1,40Z1,-5115318.3572,477846.6497,-3767195.4710,-7.7000000000000002,-5.0999999999999996,36.046094114373595,0.00158,0.00145,93.00798,0.00375,,,
40Z3,40Z3,-5115320.2239,477845.4732,-3767194.3685,-7.7000000000000002,-5.0999999999999996,36.046199265494202,0.00158,0.00145,93.03283,0.00374,,,
40Z4,40Z4,-5115322.9917,477843.4025,-3767193.0112,-7.7000000000000002,-5.0999999999999996,36.046354202152465,0.00157,0.00145,93.01545,0.00374,,,
40Z5,40Z5,-5115323.9791,477842.6642,-3767193.3517,-7.7000000000000002,-5.0999999999999996,36.04638470261041,0.00157,0.00145,93.03923,0.00374,,,
50C1,50C1,-5115422.4038,477883.2099,-3767044.3848,-7.7000000000000002,-5.0999999999999996,36.052343251569617,0.00167,0.00146,92.30479,0.00376,,,
50C3,50C3,-5115421.2066,477880.0286,-3767038.7255,-7.7000000000000002,-5.0999999999999996,36.0525558445147,0.00169,0.00149,89.12182,0.00375,,,
50C4,50C4,-5115423.6406,477877.9117,-3767037.1117,-7.7000000000000002,-5.0999999999999996,36.052711361181608,0.00169,0.00148,91.45289,0.00375,,,
50C5,50C5,-5115426.0640,477875.7811,-3767035.2728,-7.7000000000000002,-5.0999999999999996,36.052873714407518,0.00169,0.00148,93.35124,0.00375,,,
50D1,50D1,-5115423.2622,477876.3778,-3767044.0863,-7.7000000000000002,-5.0999999999999996,36.052527285520554,0.00169,0.00145,102.03840,0.00377,,,
50D4,50D4,-5115422.8823,477882.6588,-3767037.5363,-7.7000000000000002,-5.0999999999999996,36.052573068681276,0.00172,0.00145,102.28475,0.00375,,,
50D5,50D5,-5115424.5632,477885.6223,-3767036.0577,-7.7000000000000002,-5.0999999999999996,36.052591601810491,0.00172,0.00145,100.79129,0.00376,,,
50D6,50D6,-5115423.8806,477878.7261,-3767042.0863,-7.7000000000000002,-5.0999999999999996,36.05254945527458,0.00170,0.00145,102.10189,0.00376,,,
50Y1,50Y1,-5115324.9598,477849.2915,-3767188.2940,-7.7000000000000002,-5.0999999999999996,36.046411036237153,0.00157,0.00144,95.82286,0.00374,,,
50Y3,50Y3,-5115324.5807,477847.2525,-3767189.6293,-7.7000000000000002,-5.0999999999999996,36.046407680487967,0.00157,0.00144,95.53619,0.00374,,,
50Y4,50Y4,-5115323.9017,477844.4434,-3767191.9612,-7.7000000000000002,-5.0999999999999996,36.046384450814969,0.00157,0.00144,94.91633,0.00374,,,
50Y5,50Y5,-5115324.0227,477844.0728,-3767193.1794,-7.7000000000000002,-5.0999999999999996,36.046359168478709,0.00157,0.00144,94.62470,0.00374,,,
50Z1,50Z1,-5115319.1262,477847.0067,-3767196.4505,-7.7000000000000002,-5.0999999999999996,36.046075389222466,0.00158,0.00145,93.45762,0.00375,,,
50Z3,50Z3,-5115320.7075,477845.7394,-3767195.0443,-7.7000000000000002,-5.0999999999999996,36.04618475433751,0.00158,0.00145,93.27791,0.00374,,,
50Z4,50Z4,-5115323.0569,477843.5185,-3767193.2173,-7.7000000000000002,-5.0999999999999996,36.046346989216502,0.00157,0.00145,93.07015,0.00374,,,
50Z5,50Z5,-5115324.0038,477842.6743,-3767193.3813,-7.7000000000000002,-5.0999999999999996,36.046384186416518,0.00157,0.00145,93.05461,0.00374,,,
60C1,60C1,-5115421.5504,477882.9258,-3767043.4358,-7.7000000000000002,-5.0999999999999996,36.052357347968297,0.00168,0.00147,91.43719,0.00376,,,
60C3,60C3,-5115421.4467,477879.3811,-3767037.8675,-7.7000000000000002,-5.0999999999999996,36.052602040437002,0.00169,0.00149,88.23508,0.00375,,,
60C4,60C4,-5115424.2585,477877.4278,-3767036.7322,-7.7000000000000002,-5.0999999999999996,36.052748705480241,0.00169,0.00149,91.49396,0.00375,,,
60C5,60C5,-5115427.0928,477875.4493,-3767035.3738,-7.7000000000000002,-5.0999999999999996,36.05290322264019,0.00169,0.00149,93.84224,0.00376,,,
60D1,60D1,-5115422.3445,477876.5361,-3767043.1696,-7.7000000000000002,-5.0999999999999996,36.05252887791265,0.00169,0.00145,102.51262,0.00377,,,
60D5,60D5,-5115425.4557,477886.2163,-3767036.2251,-7.7000000000000002,-5.0999999999999996,36.052594926801909,0.00171,0.00145,100.26266,0.00376,,,
60D6,60D6,-5115423.4152,477878.9595,-3767041.4732,-7.7000000000000002,-5.0999999999999996,36.052551260146892,0.00170,0.00145,102.68976,0.00376,,,
60Y1,60Y1,-5115326.0536,477849.5459,-3767188.9448,-7.7000000000000002,-5.0999999999999996,36.046412410536043,0.00157,0.00144,95.79960,0.00374,,,
60Y3,60Y3,-5115325.3256,477847.4582,-3767190.0383,-7.7000000000000002,-5.0999999999999996,36.0464089128943,0.00157,0.00144,95.56862,0.00374,,,
60Y4,60Y4,-5115324.1117,477844.5589,-3767192.0158,-7.7000000000000002,-5.0999999999999996,36.046385324481633,0.00157,0.00144,95.00428,0.00374,,,
60Y5,60Y5,-5115324.0561,477844.0796,-3767193.2004,-7.7000000000000002,-5.0999999999999996,36.046359201151198,0.00157,0.00144,94.71863,0.00374,,,
60Z1,60Z1,-5115320.0491,477847.2305,-3767197.3326,-7.7000000000000002,-5.0999999999999996,36.046066349445418,0.00158,0.00145,93.56881,0.00375,,,
60Z3,60Z3,-5115321.2999,477845.9178,-3767195.6604,-7.7000000000000002,-5.0999999999999996,36.046176671511404,0.00158,0.00145,93.31396,0.00374,,,
60Z4,60Z4,-5115323.1598,477843.6149,-3767193.4181,-7.7000000000000002,-5.0999999999999996,36.046341291047334,0.00157,0.00145,93.01589,0.00374,,,
60Z5,60Z5,-5115324.0330,477842.6804,-3767193.4078,-7.7000000000000002,-5.0999999999999996,36.046383970769874,0.00157,0.00145,92.95739,0.00374,,,
70C1,70C1,-5115420.8700,477882.5197,-3767042.4016,-7.7000000000000002,-5.0999999999999996,36.052380968697925,0.00168,0.00148,89.76484,0.00376,,,
70C3,70C3,-5115421.8593,477878.7215,-3767037.0935,-7.7000000000000002,-5.0999999999999996,36.052650200422299,0.00170,0.00150,87.00963,0.00375,,,
70C5,70C5,-5115428.1180,477875.2213,-3767035.6332,-7.7000000000000002,-5.0999999999999996,36.052925555718041,0.00169,0.00149,93.80412,0.00376,,,
70C6,70C6,-5115422.8714,477880.6005,-3767040.9158,-7.7000000000000002,-5.0999999999999996,36.052517688770642,0.00169,0.00148,89.54676,0.00375,,,
70D1,70D1,-5115421.5552,477876.8714,-3767042.1884,-7.7000000000000002,-5.0999999999999996,36.052531546534148,0.00170,0.00145,103.79941,0.00377,,,
70D4,70D4,-5115423.8700,477884.0008,-3767037.0589,-7.7000000000000002,-5.0999999999999996,36.052581210299614,0.00172,0.00145,102.25943,0.00375,,,
70D5,70D5,-5115426.3783,477886.6892,-3767036.5350,-7.7000000000000002,-5.0999999999999996,36.052597444157342,0.00172,0.00145,100.24894,0.00376,,,
70Y1,70Y1,-5115327.0857,477849.6266,-3767189.7271,-7.7000000000000002,-5.0999999999999996,36.046412249208032,0.00157,0.00144,95.92181,0.00374,,,
70Y3,70Y3,-5115326.0356,477847.5480,-3767190.5402,-7.7000000000000002,-5.0999999999999996,36.046409115997577,0.00157,0.00144,95.70948,0.00374,,,
70Y4,70Y4,-5115324.3243,477844.6461,-3767192.1024,-7.7000000000000002,-5.0999999999999996,36.046385937238995,0.00157,0.00144,95.17665,0.00374,,,
70Y5,70Y5,-5115324.0873,477844.0809,-3767193.2252,-7.7000000000000002,-5.0999999999999996,36.046359186485631,0.00157,0.00144,94.90788,0.00374,,,
70Z1,70Z1,-5115321.1000,477847.3141,-3767198.0914,-7.7000000000000002,-5.0999999999999996,36.046067294467306,0.00158,0.00145,93.40936,0.00375,,,
70Z3,70Z3,-5115321.9844,477846.0030,-3767196.1986,-7.7000000000000002,-5.0999999999999996,36.046175275804622,0.00158,0.00145,93.16777,0.00374,,,
70Z4,70Z4,-5115323.2975,477843.6889,-3767193.6080,-7.7000000000000002,-5.0999999999999996,36.046337277999527,0.00157,0.00145,92.86112,0.00374,,,
70Z5,70Z5,-5115324.0660,477842.6820,-3767193.4302,-7.7000000000000002,-5.0999999999999996,36.046384063091722,0.00157,0.00145,92.75875,0.00374,,,
80C1,80C1,-5115420.3802,477882.0038,-3767041.3112,-7.7000000000000002,-5.0999999999999996,36.052413405244444,0.00169,0.00148,88.29371,0.00376,,,
80C3,80C3,-5115422.4317,477878.0679,-3767036.4243,-7.7000000000000002,-5.0999999999999996,36.052698981390883,0.00170,0.00150,87.36489,0.00375,,,
80C4,80C4,-5115425.7273,477876.6045,-3767036.3357,-7.7000000000000002,-5.0999999999999996,36.052814968835122,0.00169,0.00149,91.47617,0.00375,,,
80C5,80C5,-5115429.1114,477875.1028,-3767036.0430,-7.7000000000000002,-5.0999999999999996,36.052940137838505,0.00169,0.00149,93.32988,0.00376,,,
80D1,80D1,-5115420.9164,477877.3731,-3767041.1713,-7.7000000000000002,-5.0999999999999996,36.05253520889304,0.00172,0.00146,105.20931,0.00377,,,
80D3,80D3,-5115421.6445,477882.3890,-3767036.9414,-7.7000000000000002,-5.0999999999999996,36.052566861528859,0.00175,0.00146,105.36256,0.00375,,,
80D4,80D4,-5115424.4920,477884.6024,-3767036.9939,-7.7000000000000002,-5.0999999999999996,36.052584751679738,0.00172,0.00145,102.21169,0.00375,,,
80D5,80D5,-5115427.3044,477887.0280,-3767036.9775,-7.7000000000000002,-5.0999999999999996,36.052599085521983,0.00172,0.00145,100.65989,0.00377,,,
80Y1,80Y1,-5115328.1098,477849.5127,-3767190.7081,-7.7000000000000002,-5.0999999999999996,36.046410314415027,0.00158,0.00144,96.15927,0.00374,,,
80Y3,80Y3,-5115326.7486,477847.5103,-3767191.1793,-7.7000000000000002,-5.0999999999999996,36.04640814933466,0.00157,0.00144,95.96133,0.00374,,,
80Y4,80Y4,-5115324.5531,477844.7062,-3767192.2313,-7.7000000000000002,-5.0999999999999996,36.046386287665811,0.00157,0.00144,95.44483,0.00374,,,
80Y5,80Y5,-5115324.1181,477844.0762,-3767193.2560,-7.7000000000000002,-5.0999999999999996,36.046359116559969,0.00157,0.00145,95.20021,0.00374,,,
80Z1,80Z1,-5115322.2430,477847.2546,-3767198.7008,-7.7000000000000002,-5.0999999999999996,36.046078200221771,0.00158,0.00145,93.02437,0.00375,,,
80Z3,80Z3,-5115322.7378,477845.9918,-3767196.6405,-7.7000000000000002,-5.0999999999999996,36.046180620390892,0.00158,0.00145,92.85780,0.00374,,,
80Z4,80Z4,-5115323.4653,477843.7379,-3767193.7803,-7.7000000000000002,-5.0999999999999996,36.046335088533326,0.00157,0.00145,92.61933,0.00374,,,
80Z5,80Z5,-5115324.1017,477842.6793,-3767193.4480,-7.7000000000000002,-5.0999999999999996,36.046384460481946,0.00157,0.00145,92.47917,0.00374,,,
90C1,90C1,-5115420.0954,477881.3929,-3767040.1962,-7.7000000000000002,-5.0999999999999996,36.05245374964035,0.00170,0.00149,86.86267,0.00376,,,
90C3,90C3,-5115423.1476,477877.4394,-3767035.8794,-7.7000000000000002,-5.0999999999999996,36.052746999592557,0.00170,0.00151,87.79653,0.00375,,,
90C4,90C4,-5115426.5361,477876.2880,-3767036.3289,-7.7000000000000002,-5.0999999999999996,36.052842042113426,0.00169,0.00149,91.39345,0.00375,,,
90C5,90C5,-5115430.0442,477875.0971,-3767036.5911,-7.7000000000000002,-5.0999999999999996,36.05294654388338,0.00170,0.00150,91.79777,0.00377,,,
90D3,90D3,-5115422.1395,477883.2656,-3767036.5046,-7.7000000000000002,-5.0999999999999996,36.052572268464708,0.00177,0.00147,106.63195,0.00375,,,
90D4,90D4,-5115425.1762,477885.1345,-3767037.0481,-7.7000000000000002,-5.0999999999999996,36.052587798634981,0.00173,0.00146,102.80743,0.00376,,,
90D5,90D5,-5115428.2076,477887.2232,-3767037.5400,-7.7000000000000002,-5.0999999999999996,36.052599803662758,0.00173,0.00146,101.74301,0.00377,,,
90D6,90D6,-5115422.6377,477880.2183,-3767039.6079,-7.7000000000000002,-5.0999999999999996,36.052559938930607,0.00174,0.00147,106.64118,0.00376,,,
90Y1,90Y1,-5115328.6957,477849.3276,-3767191.3960,-7.7000000000000002,-5.0999999999999996,36.046408110134429,0.00158,0.00144,96.34650,0.00374,,,
90Y3,90Y3,-5115327.1620,477847.4104,-3767191.6323,-7.7000000000000002,-5.0999999999999996,36.046406873969531,0.00158,0.00144,96.16749,0.00374,,,
90Y4,90Y4,-5115324.6950,477844.7242,-3767192.3315,-7.7000000000000002,-5.0999999999999996,36.046386328887152,0.00158,0.00145,95.65185,0.00374,,,
90Y5,90Y5,-5115324.1355,477844.0698,-3767193.2774,-7.7000000000000002,-5.0999999999999996,36.046359042315196,0.00158,0.00145,95.42085,0.00374,,,
90Z1,90Z1,-5115323.2128,477847.1029,-3767199.0728,-7.7000000000000002,-5.0999999999999996,36.046094093372808,0.00158,0.00145,92.55531,0.00375,,,
90Z3,90Z3,-5115323.3829,477845.9126,-3767196.9191,-7.7000000000000002,-5.0999999999999996,36.046189768331239,0.00158,0.00145,92.49015,0.00374,,,
90Z4,90Z4,-5115323.6199,477843.7584,-3767193.9036,-7.7000000000000002,-5.0999999999999996,36.046334693398329,0.00157,0.00145,92.37049,0.00374,,,
90Z5,90Z5,-5115324.1317,477842.6739,-3767193.4585,-7.7000000000000002,-5.0999999999999996,36.046384997279162,0.00157,0.00145,92.21131,0.00374,,,
AUCK,AUCK,-5105681.4163,461564.0084,-3782181.1551,0.0,0.0,0.0,0.00168,0.00160,123.85097,0.00426,0.00000,-0.00001,0.00001
AUKT,AUKT,-5089169.2709,465799.8927,-3803554.8447,0.0,0.0,0.0,0.00181,0.00174,136.37275,0.00527,-0.00002,-0.00001,-0.00002
CORM,CORM,-5095050.9916,378667.1935,-3805557.6790,0.0,0.0,0.0,0.00176,0.00166,117.41993,0.00488,-0.00001,-0.00004,0.00001
HAMT,HAMT,-5027290.1306,430177.7618,-3888561.6574,0.0,0.0,0.0,0.00182,0.00169,130.03791,0.00513,0.00002,-0.00003,0.00003
HOB2,HOB2,-3950072.0683,2522415.3280,-4311637.6000,0.0,0.0,0.0,0.00165,0.00148,3.23138,0.00391,-0.00000,0.00001,-0.00002
KOUC,KOUC,-5751223.0330,1617967.3182,-2225743.3991,0.0,0.0,0.0,0.00169,0.00156,16.74512,0.00412,0.00002,-0.00004,0.00004
KTIA,KTIA,-5190163.4450,612173.5979,-3644201.4251,0.0,0.0,0.0,0.00180,0.00169,130.94942,0.00511,-0.00004,-0.00003,0.00004
MAC1,MAC1,-3464038.8030,1334173.1205,-5169223.9755,0.0,0.0,0.0,0.00192,0.00151,169.89020,0.00435,0.00002,0.00001,-0.00000
MAHO,MAHO,-4977265.3225,448229.5313,-3950347.3335,0.0,0.0,0.0,0.00179,0.00167,129.54978,0.00508,-0.00004,-0.00005,-0.00005
MOBS,MOBS,-4130636.5770,2894953.1231,-3890530.4625,0.0,0.0,0.0,0.00158,0.00150,176.54755,0.00397,0.00004,0.00005,-0.00003
TID1,TID1,-4460996.7911,2682557.0850,-3674442.8551,0.0,0.0,0.0,0.00160,0.00149,167.73167,0.00418,-0.00004,-0.00001,-0.00002
TOW2,TOW2,-5054583.2543,3275504.1870,-2091538.7212,0.0,0.0,0.0,0.00174,0.00149,156.11976,0.00432,0.00000,0.00000,-0.00005
TRNG,TRNG,-5040272.5287,329395.9040,-3881772.9201,0.0,0.0,0.0,0.00183,0.00169,125.40587,0.00517,0.00001,-0.00001,0.00004
TWN3,TWN3,-5115429.3463,477936.8478,-3766990.4616,-7.7000000000000002,-5.0999999999999996,36.052922161017349,0.19039,0.00168,90.00090,0.00374,0.00004,-0.00006,0.00083
TWS3,TWS3,-5115379.1176,477923.2699,-3767064.9461,-7.7000000000000002,-5.0999999999999996,36.049767061882285,0.15693,0.00156,90.00106,0.00374,0.00002,0.00000,-0.00024
TWSE,TWSE,-5115318.2970,477826.7439,-3767191.7572,-7.7000000000000002,-5.0999999999999996,36.046653198487739,0.19201,0.00165,90.00100,0.00374,0.00001,-0.00003,-0.00093
TWSW,TWSW,-5115316.6627,477854.9326,-3767190.2399,-7.7000000000000002,-5.0999999999999996,36.046023107963023,0.20050,0.00172,90.00111,0.00374,-0.00005,0.00002,-0.00001
WAN3,WAN3,-5115422.5897,477936.2165,-3766999.0103,-7.7000000000000002,-5.0999999999999996,36.052514957110226,0.00174,0.00145,82.50060,0.00374,0.00004,0.00000,0.00058
WANE,WANE,-5115325.2089,477836.4575,-3767179.0188,-7.7000000000000002,-5.0999999999999996,36.046985159647328,0.00156,0.00145,94.66946,0.00383,0.00003,-0.00005,-0.00043
WANW,WANW,-5115318.9767,477857.4590,-3767185.4327,-7.7000000000000002,-5.0999999999999996,36.046166904128235,0.00157,0.00143,97.02191,0.00371,-0.00001,0.00002,-0.00007
WARK,WARK,-5115333.3684,477886.8898,-3767147.2710,-7.7000000000000002,-5.0999999999999996,36.046999999999997,0.00155,0.00143,102.25842,0.00374,-0.00005,0.00003,-0.00000
WARK12M,WARK12M IVP,-5115324.4740,477843.2908,-3767192.7500,-7.7000000000000002,-5.0999999999999996,36.046400696409997,0.00157,0.00144,93.97925,0.00374,,,
WARK30M,WARK30M IVP,-5115425.7883,477880.2559,-3767042.1614,-7.7000000000000002,-5.0999999999999996,36.052559199130464,0.00167,0.00144,97.06718,0.00376,,,
WAS3,WAS3,-5115373.7045,477922.7642,-3767072.1081,-7.7000000000000002,-5.0999999999999996,36.049431425864839,0.00159,0.00145,89.46031,0.00373,0.00002,0.00000,-0.00008
WASE,WASE,-5115311.8916,477826.1456,-3767200.6822,-7.7000000000000002,-5.0999999999999996,36.046242515743131,0.00158,0.00146,87.61801,0.00374,0.00001,0.00007,-0.00050
WASW,WASW,-5115309.7692,477854.2887,-3767199.4076,-7.7000000000000002,-5.0999999999999996,36.045594265529552,0.00158,0.00144,94.81153,0.00373,-0.00005,0.00001,-0.00007
WAW1,WAW1,-5115333.7884,477876.9972,-3767144.9643,-7.7000000000000002,-5.0999999999999996,36.047302654819674,0.00155,0.00143,101.86391,0.00371,-0.00005,-0.00005,-0.00005
WAW2,WAW2,-5115325.9221,477889.5468,-3767153.7972,-7.7000000000000002,-5.0999999999999996,36.046562562723956,0.00155,0.00143,102.69562,0.00372,0.00002,0.00000,-0.00006
WAW3,WAW3,-5115335.4001,477893.4734,-3767139.8065,-7.7000000000000002,-5.0999999999999996,36.047125210864117,0.00155,0.00143,102.23286,0.00372,0.00000,-0.00004,-0.00009
WAWH,WAWH,-5115331.1745,477886.6848,-3767148.0908,-7.7000000000000002,-5.0999999999999996,36.046926526407631,0.03439,0.01026,90.00400,0.00373,-0.00005,-0.00001,-0.00000
WHNG,WHNG,-5153430.7782,513057.4982,-3710655.6680,0.0,0.0,0.0,0.00182,0.00176,138.24017,0.00534,-0.00004,-0.00001,0.00001
